[
  {
    "id": "5ef8365b-c703-461c-af43-7dab03bee264",
    "data": [
      {
        "text": "some else",
        "alias": "hesitant",
        "meta": "@hesitant",
        "userDefined": true
      }
    ],
    "isTemplate": false,
    "count": 0
  },
  {
    "id": "26c8f8f0-9c8a-4041-93c1-5c2f5931632e",
    "data": [
      {
        "text": "more",
        "alias": "hesitant",
        "meta": "@hesitant",
        "userDefined": true
      }
    ],
    "isTemplate": false,
    "count": 0
  },
  {
    "id": "c70457fd-bdcf-415f-93dc-2e7eab0f0550",
    "data": [
      {
        "text": "maybe ",
        "userDefined": false
      },
      {
        "text": "another",
        "alias": "hesitant",
        "meta": "@hesitant",
        "userDefined": false
      }
    ],
    "isTemplate": false,
    "count": 0
  },
  {
    "id": "dc70dfb9-e58b-4dec-8863-322373ca05d6",
    "data": [
      {
        "text": "another",
        "alias": "hesitant",
        "meta": "@hesitant",
        "userDefined": false
      },
      {
        "text": " sir",
        "userDefined": false
      }
    ],
    "isTemplate": false,
    "count": 0
  },
  {
    "id": "1243e489-2161-42e4-874c-24d3760b992c",
    "data": [
      {
        "text": "another",
        "alias": "hesitant",
        "meta": "@hesitant",
        "userDefined": false
      }
    ],
    "isTemplate": false,
    "count": 0
  },
  {
    "id": "312c70e8-57ae-4a24-9a9a-796bf26f0673",
    "data": [
      {
        "text": "I want ",
        "userDefined": false
      },
      {
        "text": "another one",
        "alias": "hesitant",
        "meta": "@hesitant",
        "userDefined": false
      },
      {
        "text": " please",
        "userDefined": false
      }
    ],
    "isTemplate": false,
    "count": 0
  },
  {
    "id": "285fee8e-d9c8-4290-89a8-ec36e2c2bfd5",
    "data": [
      {
        "text": "@ingredients:ingredients",
        "userDefined": false
      }
    ],
    "isTemplate": true,
    "count": 0
  },
  {
    "id": "793ae39b-81c3-4404-8d27-e7e9a4945383",
    "data": [
      {
        "text": "@type:type",
        "userDefined": false
      }
    ],
    "isTemplate": true,
    "count": 0
  },
  {
    "id": "b41476bb-bf55-454d-b4d4-83337b9739e3",
    "data": [
      {
        "text": "@hesitant:hesitant",
        "userDefined": false
      }
    ],
    "isTemplate": true,
    "count": 0,
    "updated": 1516790390
  }
]