[
  {
    "id": "9cca3b66-1140-4add-89b3-c67ace633c21",
    "data": [
      {
        "text": "I don\u0027t want anymore",
        "userDefined": false
      }
    ],
    "isTemplate": false,
    "count": 0
  },
  {
    "id": "c651c2c0-a55e-476b-88e7-6750df258def",
    "data": [
      {
        "text": "it\u0027s ",
        "userDefined": false
      },
      {
        "text": "perfect",
        "alias": "afirmation",
        "meta": "@afirmations",
        "userDefined": false
      }
    ],
    "isTemplate": false,
    "count": 0
  },
  {
    "id": "30e825dc-606b-438e-90c4-70c83ca59742",
    "data": [
      {
        "text": "okay",
        "alias": "afirmation",
        "meta": "@afirmations",
        "userDefined": false
      }
    ],
    "isTemplate": false,
    "count": 0
  },
  {
    "id": "3c679400-64af-4695-9435-1d1f1101f380",
    "data": [
      {
        "text": "okey",
        "alias": "afirmation",
        "meta": "@afirmations",
        "userDefined": false
      }
    ],
    "isTemplate": false,
    "count": 0
  },
  {
    "id": "0391715f-3441-4c55-af05-fd76efbc1abd",
    "data": [
      {
        "text": "yes",
        "alias": "afirmation",
        "meta": "@afirmations",
        "userDefined": false
      }
    ],
    "isTemplate": false,
    "count": 0,
    "updated": 0
  },
  {
    "id": "0bf5986a-d14f-4918-8a0b-cc22a30b1280",
    "data": [
      {
        "text": "@afirmations:afirmation",
        "userDefined": false
      }
    ],
    "isTemplate": true,
    "count": 0,
    "updated": 1516790533
  }
]