[
  {
    "id": "c1837117-10dd-4d72-8798-40ce1a80bd49",
    "data": [
      {
        "text": "salads",
        "alias": "type",
        "meta": "@type",
        "userDefined": false
      }
    ],
    "isTemplate": false,
    "count": 0
  },
  {
    "id": "d3a561e7-a9e4-443b-90dc-d020f07ba6e3",
    "data": [
      {
        "text": "salad",
        "alias": "type",
        "meta": "@type",
        "userDefined": false
      },
      {
        "text": " with ",
        "userDefined": false
      },
      {
        "text": "cumin",
        "alias": "ingredients",
        "meta": "@ingredients",
        "userDefined": true
      }
    ],
    "isTemplate": false,
    "count": 0
  },
  {
    "id": "8ae0cf8e-fa3d-454a-a031-b27d7c13322e",
    "data": [
      {
        "text": "pizza",
        "alias": "type",
        "meta": "@type",
        "userDefined": false
      },
      {
        "text": " with ",
        "userDefined": false
      },
      {
        "text": "bacon",
        "alias": "ingredients",
        "meta": "@ingredients",
        "userDefined": false
      },
      {
        "text": " and ",
        "userDefined": false
      },
      {
        "text": "pepperoni",
        "alias": "ingredients",
        "meta": "@ingredients",
        "userDefined": false
      }
    ],
    "isTemplate": false,
    "count": 0
  },
  {
    "id": "9808a807-7c15-432c-b529-428c3cd1f79a",
    "data": [
      {
        "text": "pizza",
        "alias": "type",
        "meta": "@type",
        "userDefined": false
      },
      {
        "text": " with ",
        "userDefined": false
      },
      {
        "text": "bacon",
        "alias": "ingredients",
        "meta": "@ingredients",
        "userDefined": false
      }
    ],
    "isTemplate": false,
    "count": 0
  },
  {
    "id": "31c80c62-0432-40e8-a53e-00d54cfdb755",
    "data": [
      {
        "text": "pizzas",
        "alias": "type",
        "meta": "@type",
        "userDefined": false
      }
    ],
    "isTemplate": false,
    "count": 0
  },
  {
    "id": "9c072048-fd45-4c50-b5c3-906a972c981b",
    "data": [
      {
        "text": "dinners",
        "alias": "type",
        "meta": "@type",
        "userDefined": false
      }
    ],
    "isTemplate": false,
    "count": 0
  },
  {
    "id": "9122cddc-20ee-4ecf-9fdb-a6ac345fe52a",
    "data": [
      {
        "text": "Something for ",
        "userDefined": false
      },
      {
        "text": "dinner",
        "alias": "type",
        "meta": "@type",
        "userDefined": false
      }
    ],
    "isTemplate": false,
    "count": 0
  },
  {
    "id": "15ba1ebd-5eb0-4ce3-8df2-ffc855a26ce9",
    "data": [
      {
        "text": "I am with friends, I want ",
        "userDefined": false
      },
      {
        "text": "snack",
        "alias": "type",
        "meta": "@type",
        "userDefined": false
      },
      {
        "text": " recipes",
        "userDefined": false
      }
    ],
    "isTemplate": false,
    "count": 0
  },
  {
    "id": "cd2d0b46-c7de-49cf-b9eb-f6324f2af6f1",
    "data": [
      {
        "text": "I am doing stopr, let me ",
        "userDefined": false
      },
      {
        "text": "healthy",
        "alias": "type",
        "meta": "@type",
        "userDefined": false
      },
      {
        "text": " recipes",
        "userDefined": false
      }
    ],
    "isTemplate": false,
    "count": 0
  },
  {
    "id": "4d172c0c-de8d-4f71-8881-df426e505e14",
    "data": [
      {
        "text": "A ",
        "userDefined": false
      },
      {
        "text": "cocktails",
        "alias": "type",
        "meta": "@type",
        "userDefined": false
      },
      {
        "text": " with ",
        "userDefined": false
      },
      {
        "text": "strawberry",
        "alias": "ingredients",
        "meta": "@ingredients",
        "userDefined": true
      }
    ],
    "isTemplate": false,
    "count": 0
  },
  {
    "id": "78e1e574-0817-4604-b266-4941a6360d08",
    "data": [
      {
        "text": "I like ",
        "userDefined": false
      },
      {
        "text": "tomato",
        "alias": "ingredients",
        "meta": "@ingredients",
        "userDefined": false
      },
      {
        "text": " ",
        "userDefined": false
      },
      {
        "text": "soups",
        "alias": "type",
        "meta": "@type",
        "userDefined": false
      }
    ],
    "isTemplate": false,
    "count": 0
  },
  {
    "id": "8f02faf7-48ea-4724-bd71-4c8aaf69464f",
    "data": [
      {
        "text": "I want now some ",
        "userDefined": false
      },
      {
        "text": "brownie",
        "alias": "type",
        "meta": "@type",
        "userDefined": false
      }
    ],
    "isTemplate": false,
    "count": 0
  },
  {
    "id": "f2dba872-6213-49d0-a650-eed97fba6eed",
    "data": [
      {
        "text": "I like ",
        "userDefined": false
      },
      {
        "text": "soups",
        "alias": "type",
        "meta": "@type",
        "userDefined": false
      },
      {
        "text": " with some kind of ",
        "userDefined": false
      },
      {
        "text": "fish",
        "alias": "type",
        "meta": "@type",
        "userDefined": false
      }
    ],
    "isTemplate": false,
    "count": 0
  },
  {
    "id": "48b633d8-aeac-43fd-a46d-cf217b9a1df7",
    "data": [
      {
        "text": "I like ",
        "userDefined": false
      },
      {
        "text": "soups",
        "alias": "type",
        "meta": "@type",
        "userDefined": false
      }
    ],
    "isTemplate": false,
    "count": 0
  },
  {
    "id": "f43380a5-98b3-4e61-a12c-06474351bbfc",
    "data": [
      {
        "text": "soup",
        "alias": "type",
        "meta": "@type",
        "userDefined": false
      }
    ],
    "isTemplate": false,
    "count": 0
  },
  {
    "id": "5e4a2c8b-b2a1-44f1-bdac-8f3418c71142",
    "data": [
      {
        "text": "I want do something to ",
        "userDefined": false
      },
      {
        "text": "dinner",
        "alias": "type",
        "meta": "@type",
        "userDefined": false
      }
    ],
    "isTemplate": false,
    "count": 0
  },
  {
    "id": "4ac88314-fa26-4d32-a79f-070b022e47cf",
    "data": [
      {
        "text": "I want a ",
        "userDefined": false
      },
      {
        "text": "salad",
        "alias": "type",
        "meta": "@type",
        "userDefined": false
      }
    ],
    "isTemplate": false,
    "count": 0
  },
  {
    "id": "5fdda2e5-f0f9-4258-af72-d7fec9387144",
    "data": [
      {
        "text": "@type:type",
        "userDefined": false
      }
    ],
    "isTemplate": true,
    "count": 0
  },
  {
    "id": "138040a7-aa31-4c44-ac5d-f9e314ccd105",
    "data": [
      {
        "text": "I like ",
        "userDefined": false
      },
      {
        "text": "spanish",
        "alias": "type",
        "meta": "@type",
        "userDefined": false
      },
      {
        "text": " food",
        "userDefined": false
      }
    ],
    "isTemplate": false,
    "count": 0
  },
  {
    "id": "7a50cf4b-0b40-4dcb-b8e9-18bd85839bdc",
    "data": [
      {
        "text": "I want ",
        "userDefined": false
      },
      {
        "text": "vegan",
        "alias": "type",
        "meta": "@type",
        "userDefined": false
      },
      {
        "text": " food with ",
        "userDefined": false
      },
      {
        "text": "onion",
        "alias": "ingredients",
        "meta": "@ingredients",
        "userDefined": false
      }
    ],
    "isTemplate": false,
    "count": 0,
    "updated": 1516791439
  },
  {
    "id": "63a2beb3-3f17-4a8d-b780-f7ee37c38934",
    "data": [
      {
        "text": "I want ",
        "userDefined": false
      },
      {
        "text": "vegan",
        "alias": "type",
        "meta": "@type",
        "userDefined": false
      },
      {
        "text": " food",
        "userDefined": false
      }
    ],
    "isTemplate": false,
    "count": 0,
    "updated": 1516791439
  }
]