[
  {
    "id": "8682c1a8-a4c3-4115-94b5-8a7e3b9add36",
    "data": [
      {
        "text": "rice",
        "alias": "ingredients",
        "meta": "@ingredients",
        "userDefined": false
      },
      {
        "text": " ",
        "userDefined": false
      },
      {
        "text": "chicken",
        "alias": "ingredients",
        "meta": "@ingredients",
        "userDefined": false
      },
      {
        "text": " or ",
        "userDefined": false
      },
      {
        "text": "bacon",
        "alias": "ingredients",
        "meta": "@ingredients",
        "userDefined": false
      }
    ],
    "isTemplate": false,
    "count": 0
  },
  {
    "id": "ac35bbc3-6e62-4d35-8948-6927152aea10",
    "data": [
      {
        "text": "something for ",
        "userDefined": false
      },
      {
        "text": "dinner",
        "alias": "type",
        "meta": "@type",
        "userDefined": false
      },
      {
        "text": " with ",
        "userDefined": false
      },
      {
        "text": "rice",
        "alias": "ingredients",
        "meta": "@ingredients",
        "userDefined": false
      },
      {
        "text": " and ",
        "userDefined": false
      },
      {
        "text": "chicken",
        "alias": "ingredients",
        "meta": "@ingredients",
        "userDefined": false
      }
    ],
    "isTemplate": false,
    "count": 0
  },
  {
    "id": "367a3c04-11da-4fe8-9e7f-f68089b0f83a",
    "data": [
      {
        "text": "I want ",
        "userDefined": false
      },
      {
        "text": "pizza",
        "alias": "type",
        "meta": "@type",
        "userDefined": false
      },
      {
        "text": " or ",
        "userDefined": false
      },
      {
        "text": "salad",
        "alias": "type",
        "meta": "@type",
        "userDefined": false
      },
      {
        "text": " with ",
        "userDefined": false
      },
      {
        "text": "bacon",
        "alias": "ingredients",
        "meta": "@ingredients",
        "userDefined": false
      },
      {
        "text": " and ",
        "userDefined": false
      },
      {
        "text": "pepperoni",
        "alias": "ingredients",
        "meta": "@ingredients",
        "userDefined": false
      }
    ],
    "isTemplate": false,
    "count": 0
  },
  {
    "id": "a2863799-ff85-4850-b4dd-e8c2469cdd5b",
    "data": [
      {
        "text": "I like ",
        "userDefined": false
      },
      {
        "text": "spanish",
        "alias": "type",
        "meta": "@type",
        "userDefined": false
      },
      {
        "text": " food with ",
        "userDefined": false
      },
      {
        "text": "salt",
        "alias": "ingredients",
        "meta": "@ingredients",
        "userDefined": true
      }
    ],
    "isTemplate": false,
    "count": 0
  },
  {
    "id": "22dc6ccb-2d0a-48d7-bb60-199b2bfa5a37",
    "data": [
      {
        "text": "Something with ",
        "userDefined": false
      },
      {
        "text": "rice",
        "alias": "ingredients",
        "meta": "@ingredients",
        "userDefined": false
      }
    ],
    "isTemplate": false,
    "count": 0
  },
  {
    "id": "26bf1f9a-b9af-4c9e-979e-7644e5372a15",
    "data": [
      {
        "text": "I like ",
        "userDefined": false
      },
      {
        "text": "chicken",
        "alias": "ingredients",
        "meta": "@ingredients",
        "userDefined": false
      }
    ],
    "isTemplate": false,
    "count": 0
  },
  {
    "id": "9ba6b53c-81e5-49e3-ac6f-64e933f1085b",
    "data": [
      {
        "text": "@ingredients:ingredients",
        "userDefined": false
      }
    ],
    "isTemplate": true,
    "count": 0
  },
  {
    "id": "0257bdd5-a282-4bc7-8548-48a58f34a347",
    "data": [
      {
        "text": "I want something with ",
        "userDefined": false
      },
      {
        "text": "milk",
        "alias": "ingredients",
        "meta": "@ingredients",
        "userDefined": false
      }
    ],
    "isTemplate": false,
    "count": 0,
    "updated": 0
  },
  {
    "id": "d298d87a-b734-49b0-a8f7-9b44fc8c8138",
    "data": [
      {
        "text": "I want something with ",
        "userDefined": false
      },
      {
        "text": "rice",
        "alias": "ingredients",
        "meta": "@ingredients",
        "userDefined": false
      }
    ],
    "isTemplate": false,
    "count": 0
  },
  {
    "id": "e1cbbede-4e46-4f22-b83f-6e52c72f2333",
    "data": [
      {
        "text": "I want ",
        "userDefined": false
      },
      {
        "text": "vegan",
        "alias": "type",
        "meta": "@type",
        "userDefined": true
      },
      {
        "text": " food with ",
        "userDefined": false
      },
      {
        "text": "onion",
        "alias": "ingredients",
        "meta": "@ingredients",
        "userDefined": true
      }
    ],
    "isTemplate": false,
    "count": 0
  }
]