[
  {
    "id": "a3d82733-c785-43ea-a60e-0358497d12ee",
    "data": [
      {
        "text": "I ",
        "userDefined": false
      },
      {
        "text": "like",
        "alias": "afirmation",
        "meta": "@afirmations",
        "userDefined": true
      },
      {
        "text": " it",
        "userDefined": false
      }
    ],
    "isTemplate": false,
    "count": 0
  },
  {
    "id": "a2751be0-5caa-4f3a-a8e8-15a01f2ca241",
    "data": [
      {
        "text": "it\u0027s ",
        "userDefined": false
      },
      {
        "text": "perfect",
        "alias": "afirmation",
        "meta": "@afirmations",
        "userDefined": false
      }
    ],
    "isTemplate": false,
    "count": 0
  },
  {
    "id": "1182c3d3-68c1-4ae0-81cd-1c384abbacc1",
    "data": [
      {
        "text": "okay",
        "alias": "afirmation",
        "meta": "@afirmations",
        "userDefined": false
      }
    ],
    "isTemplate": false,
    "count": 0
  },
  {
    "id": "b86e66b5-f652-462a-ac96-2d738969f621",
    "data": [
      {
        "text": "@afirmations:afirmation",
        "userDefined": false
      }
    ],
    "isTemplate": true,
    "count": 0,
    "updated": 1516790235
  }
]