[
  {
    "value": "chocolate",
    "synonyms": [
      "chocolate",
      "chocolates",
      "cocoa"
    ]
  },
  {
    "value": "rice",
    "synonyms": [
      "rice",
      "rices"
    ]
  },
  {
    "value": "lemon",
    "synonyms": [
      "lemon",
      "lemons",
      "lime",
      "limes"
    ]
  },
  {
    "value": "tomato",
    "synonyms": [
      "tomato",
      "tomatoes",
      "cherry",
      "cherry tomatoes"
    ]
  },
  {
    "value": "kiwi",
    "synonyms": [
      "kiwi",
      "kiwis"
    ]
  },
  {
    "value": "watermelon",
    "synonyms": [
      "watermelon",
      "watermelons"
    ]
  },
  {
    "value": "pear",
    "synonyms": [
      "pear",
      "pears"
    ]
  },
  {
    "value": "banana",
    "synonyms": [
      "banana"
    ]
  },
  {
    "value": "spinach",
    "synonyms": [
      "spinach"
    ]
  },
  {
    "value": "onion",
    "synonyms": [
      "onion"
    ]
  },
  {
    "value": "mushroom",
    "synonyms": [
      "mushroom"
    ]
  },
  {
    "value": "radish",
    "synonyms": [
      "radish"
    ]
  },
  {
    "value": "potato",
    "synonyms": [
      "potatoes",
      "potato",
      "sweet potatoes"
    ]
  },
  {
    "value": "garlic",
    "synonyms": [
      "garlic"
    ]
  },
  {
    "value": "milk",
    "synonyms": [
      "milk"
    ]
  },
  {
    "value": "wine",
    "synonyms": [
      "wine"
    ]
  },
  {
    "value": "beer",
    "synonyms": [
      "beer"
    ]
  },
  {
    "value": "turkey",
    "synonyms": [
      "turkey"
    ]
  },
  {
    "value": "chicken",
    "synonyms": [
      "chicken"
    ]
  },
  {
    "value": "beef",
    "synonyms": [
      "beef"
    ]
  },
  {
    "value": "coffee",
    "synonyms": [
      "coffee"
    ]
  },
  {
    "value": "ham",
    "synonyms": [
      "ham"
    ]
  },
  {
    "value": "crab",
    "synonyms": [
      "crab"
    ]
  },
  {
    "value": "chicken",
    "synonyms": [
      "chicken",
      "chiken"
    ]
  },
  {
    "value": "egg",
    "synonyms": [
      "egg",
      "eggs"
    ]
  },
  {
    "value": "yogurt",
    "synonyms": [
      "yogurt"
    ]
  },
  {
    "value": "sushi",
    "synonyms": [
      "sushi",
      "susi"
    ]
  },
  {
    "value": "tuna",
    "synonyms": [
      "tuna"
    ]
  },
  {
    "value": "catfish",
    "synonyms": [
      "catfish"
    ]
  },
  {
    "value": "oyster",
    "synonyms": [
      "oyster",
      "oysters"
    ]
  },
  {
    "value": "sardines",
    "synonyms": [
      "sardines",
      "sardine"
    ]
  },
  {
    "value": "salt",
    "synonyms": [
      "salt"
    ]
  },
  {
    "value": "chili",
    "synonyms": [
      "chili",
      "chili\u0027s"
    ]
  },
  {
    "value": "guacamole",
    "synonyms": [
      "guacamole"
    ]
  },
  {
    "value": "nacho",
    "synonyms": [
      "nacho",
      "nachos"
    ]
  },
  {
    "value": "garlic",
    "synonyms": [
      "garlic"
    ]
  },
  {
    "value": "peppers",
    "synonyms": [
      "peppers",
      "pepper"
    ]
  },
  {
    "value": "peas",
    "synonyms": [
      "peas"
    ]
  },
  {
    "value": "beans",
    "synonyms": [
      "beans"
    ]
  },
  {
    "value": "cucumbers",
    "synonyms": [
      "cucumbers"
    ]
  },
  {
    "value": "carrots",
    "synonyms": [
      "carrots",
      "carrot"
    ]
  },
  {
    "value": "broccoli",
    "synonyms": [
      "broccoli"
    ]
  },
  {
    "value": "oranges",
    "synonyms": [
      "oranges",
      "orange"
    ]
  },
  {
    "value": "berries",
    "synonyms": [
      "berries",
      "berrie"
    ]
  },
  {
    "value": "cheese",
    "synonyms": [
      "cheese"
    ]
  },
  {
    "value": "mozzarella",
    "synonyms": [
      "mozzarella"
    ]
  },
  {
    "value": "tea",
    "synonyms": [
      "tea"
    ]
  },
  {
    "value": "vinegar",
    "synonyms": [
      "vinegar"
    ]
  },
  {
    "value": "coco",
    "synonyms": [
      "coco"
    ]
  },
  {
    "value": "octopus",
    "synonyms": [
      "octopus"
    ]
  },
  {
    "value": "couscous",
    "synonyms": [
      "couscous"
    ]
  },
  {
    "value": "mustard",
    "synonyms": [
      "mustard"
    ]
  },
  {
    "value": "honey",
    "synonyms": [
      "honey"
    ]
  },
  {
    "value": "ginger",
    "synonyms": [
      "ginger"
    ]
  },
  {
    "value": "sauce",
    "synonyms": [
      "sauce"
    ]
  },
  {
    "value": "parmesan",
    "synonyms": [
      "parmesan"
    ]
  },
  {
    "value": "rabbit",
    "synonyms": [
      "rabbit"
    ]
  },
  {
    "value": "pork",
    "synonyms": [
      "pork",
      "pulled pork"
    ]
  },
  {
    "value": "cumin",
    "synonyms": [
      "cumin"
    ]
  },
  {
    "value": "goat",
    "synonyms": [
      "goat"
    ]
  },
  {
    "value": "bacon",
    "synonyms": [
      "bacon"
    ]
  },
  {
    "value": "pepperoni",
    "synonyms": [
      "pepperoni"
    ]
  }
]