[
  {
    "value": "bread",
    "synonyms": [
      "bread",
      "breads",
      "muffins",
      "muffin",
      "scone",
      "scones"
    ]
  },
  {
    "value": "breakfast",
    "synonyms": [
      "breakfast"
    ]
  },
  {
    "value": "dessert",
    "synonyms": [
      "dessert",
      "desserts"
    ]
  },
  {
    "value": "dinner",
    "synonyms": [
      "dinner"
    ]
  },
  {
    "value": "drink",
    "synonyms": [
      "drink",
      "drinks"
    ]
  },
  {
    "value": "lunch",
    "synonyms": [
      "lunch"
    ]
  },
  {
    "value": "salad",
    "synonyms": [
      "salad",
      "salads"
    ]
  },
  {
    "value": "soup",
    "synonyms": [
      "soup",
      "soups"
    ]
  },
  {
    "value": "snack",
    "synonyms": [
      "snack",
      "snacks"
    ]
  },
  {
    "value": "vegan",
    "synonyms": [
      "vegan"
    ]
  },
  {
    "value": "pizza",
    "synonyms": [
      "pizza",
      "pizzas"
    ]
  },
  {
    "value": "italian",
    "synonyms": [
      "italian"
    ]
  },
  {
    "value": "spanish",
    "synonyms": [
      "spanish"
    ]
  },
  {
    "value": "salsa",
    "synonyms": [
      "salsa"
    ]
  },
  {
    "value": "fish",
    "synonyms": [
      "fish"
    ]
  },
  {
    "value": "pasta",
    "synonyms": [
      "pasta"
    ]
  },
  {
    "value": "greek",
    "synonyms": [
      "greek"
    ]
  },
  {
    "value": "brownie",
    "synonyms": [
      "brownie"
    ]
  },
  {
    "value": "healthy",
    "synonyms": [
      "healthy",
      "health"
    ]
  },
  {
    "value": "cocktail",
    "synonyms": [
      "cocktail"
    ]
  }
]